Unnamed: 0,conm,tic,SP_BUSINESS_DESCRIPTION,SP_LONG_BUSINESS_DESCRIPTION,SP_COMPANY_NAME,YH_BUS_DESC,SA_BUS_DESC
0,FIRST MIDWEST BANCORP INC,FMBI,"As of February 15, 2022, First Midwest Bancorp, Inc. was acquired by Old National Bancorp. First Midwest Bancorp, Inc. operates as the bank holding co","First Midwest Bancorp, Inc. operates as a bank holding company for First Midwest Bank that provides various commercial, treasury management, equipment","First Midwest Bancorp, Inc.",nan,nan
13,GAMING & LEISURE PPTYS,GLPI,"GLPI is engaged in the business of acquiring, financing, and owning real estate property to be leased to gaming operators in triple-net lease arrangem",nan,"Gaming and Leisure Properties, Inc.","GLPI is engaged in the business of acquiring, financing, and owning real estate property to be leased to gaming operators in triple-net lease arrangem","GLPI is engaged in the business of acquiring, financing, and owning real estate property to be leased to gaming operators in triple-net lease arrangem"
14,ESTEE LAUDER COMPANIES INC,EL,"The EstÃ©e Lauder Companies Inc. manufactures, markets, and sells skin care, makeup, fragrance, and hair care products worldwide. It offers skin care p","The Estee Lauder Companies Inc. operates as one of the world's leading manufacturers, marketers and sellers of quality skin care, makeup, fragrance an",The EstÃ©e Lauder Companies Inc.,"The EstÃ©e Lauder Companies Inc. manufactures, markets, and sells skin care, makeup, fragrance, and hair care products worldwide. It offers skin care p","The EstÃ©e Lauder Companies Inc. manufactures, markets, and sells skin care, makeup, fragrance, and hair care products worldwide. It offers skin care p"
54,NEXTIER OILFIELD SOLUTNS INC,NEX,"As of September 1, 2023, NexTier Oilfield Solutions Inc. was acquired by Patterson-UTI Energy, Inc. NexTier Oilfield Solutions Inc., through its subsi","NexTier Oilfield Solutions Inc. operates as the United States (U.S.) land focused oilfield service company, with a diverse set of well completion and ",NexTier Oilfield Solutions Inc.,nan,nan
77,SOUTHWESTERN ENERGY CO,SWN,"As of October 1, 2024, Southwestern Energy Company was acquired by Chesapeake Energy Corporation. Southwestern Energy Company, an independent energy c","Southwestern Energy Company operates as an independent energy company. The company engages in development, exploration and production activities, incl",Southwestern Energy Company,nan,nan
89,FEDERAL REALTY INVESTMENT TR,FRT,"Federal Realty is a recognized leader in the ownership, operation and redevelopment of high-quality retail-based properties located primarily in major",nan,Federal Realty Investment Trust,"Federal Realty is a recognized leader in the ownership, operation and redevelopment of high-quality retail-based properties located primarily in major","Federal Realty is a recognized leader in the ownership, operation and redevelopment of high-quality retail-based properties located primarily in major"
129,SIX FLAGS ENTERTAINMENT CORP,SIX,"As of July 1, 2024, Six Flags Entertainment Corporation was acquired by Cedar Fair, L.P. Six Flags Entertainment Corporation owns and operates regiona","Six Flags Entertainment Corporation owns and operates regional theme parks and water parks.

The company is the largest regional theme park operator i",Six Flags Entertainment Corporation,nan,nan
141,MID-AMERICA APT CMNTYS INC,MAA,"MAA, an S&P 500 company, is a real estate investment trust (REIT) focused on delivering full-cycle and superior investment performance for shareholder",nan,"Mid-America Apartment Communities, Inc.","MAA, an S&P 500 company, is a real estate investment trust (REIT) focused on delivering full-cycle and superior investment performance for shareholder","MAA, an S&P 500 company, is a real estate investment trust (REIT) focused on delivering full-cycle and superior investment performance for shareholder"
142,RUTHS HOSPITALITY GROUP INC,RUTH,"Ruth's Hospitality Group, Inc., together with its subsidiaries, develops, operates, and franchises fine dining restaurants under the Ruthâ€™s Chris Stea","Ruthâ€™s Hospitality Group, Inc. develops and operates fine dining restaurants under the trade name Ruthâ€™s Chris Steak House.

The company operates Ruth","Ruth's Hospitality Group, Inc.",nan,nan
195,NEWPARK RESOURCES,NR,"NPK International Inc. provides products, rentals, and services primarily to the oil and natural gas exploration and production (E&P) industry. It ope","NPK International Inc. is a site access solutions company that manufactures, sells, and rents industry-leading sustainable composite matting products,",NPK International Inc.,"Newpark Resources, Inc. provides products, rentals, and services primarily to the oil and natural gas exploration and production (E&P) industry. It op","Newpark Resources, Inc. provides products, rentals, and services primarily to the oil and natural gas exploration and production (E&P) industry. It op"
212,INSTEEL INDUSTRIES,IIIN,"Insteel Industries, Inc., together with its subsidiaries, manufactures and markets steel wire reinforcing products for concrete construction applicati",Insteel Industries Inc. (Insteel) manufactures steel wire reinforcing products for concrete construction applications. The company manufactures and ma,"Insteel Industries, Inc.","Insteel Industries, Inc., together with its subsidiaries, manufactures and markets steel wire reinforcing products for concrete construction applicati","Insteel Industries, Inc., together with its subsidiaries, manufactures and markets steel wire reinforcing products for concrete construction applicati"
236,WHITING PETROLEUM CORP,WLL,"Whiting Petroleum Corporation was acquired by Chord Energy Corporation. Whiting Petroleum Corporation, an independent oil and gas company, engages in ","Chord Energy operates as an independent oil and gas company.

The company engages in the development, production and acquisition activities primarily ",Whiting Petroleum Corporation,nan,"Chord Energy Corporation operates as an independent exploration and production company in the United States. It acquires, explores, develops, and prod"
243,TREEHOUSE FOODS INC,THS,"TreeHouse Foods, Inc. manufactures and distributes private brands snacks and beverages in the United States and internationally. The company provides ","TreeHouse Foods, Inc manufactures and distributes private brands snacks and beverages in the United States and internationally.

The companyâ€™s portfol","TreeHouse Foods, Inc.","TreeHouse Foods, Inc. manufactures and distributes private brands snacks and beverages in the United States and internationally. The company provides ","TreeHouse Foods, Inc. manufactures and distributes private brands snacks and beverages in the United States and internationally. The company provides "
246,ADVANCED EMISSIONS SOLUTIONS,ADES,"As of February 1, 2023, Advanced Emissions Solutions, Inc. was acquired by Arq Limited, in a reverse merger transaction. Advanced Emissions Solutions,","Advanced Emissions Solutions, Inc. engages in the sale of consumable air and water treatment options, including activated carbon (AC) and chemical tec","Advanced Emissions Solutions, Inc.",nan,nan
258,WARNER BROS DISCOVERY INC,WBD,"Warner Bros. Discovery, Inc. operates as a media and entertainment company worldwide. It operates through three segments: Studios, Network, and DTC. T",Warner Bros. Discovery Inc. (WBD) is a premier global media and entertainment company that provides audiences with a differentiated portfolio of conte,"Warner Bros. Discovery, Inc.","Warner Bros. Discovery, Inc. operates as a media and entertainment company worldwide. It operates through three segments: Studios, Network, and DTC. T","Warner Bros. Discovery, Inc. operates as a media and entertainment company worldwide. It operates through three segments: Studios, Network, and DTC. T"
262,MACERICH CO,MAC,"Macerich is a fully integrated, self-managed and self-administered real estate investment trust (REIT). As a leading owner, operator and developer of ",nan,The Macerich Company,"Macerich is a fully integrated, self-managed and self-administered real estate investment trust (REIT). As a leading owner, operator and developer of ","Macerich is a fully integrated, self-managed and self-administered real estate investment trust (REIT). As a leading owner, operator and developer of "
268,MOOG INC  -CL A,MOG.A,"Moog Inc. designs, manufactures, and integrates precision motion and fluid controls and controls systems for original equipment manufacturers and end ","MOOG Inc. operates as a worldwide designer, manufacturer and systems integrator of high performance precision motion and fluid controls and controls s",Moog Inc.,nan,"Moog Inc. designs, manufactures, and integrates precision motion and fluid controls and controls systems for original equipment manufacturers and end "
269,CARTER'S INC,CRI,"Carter's, Inc., together with its subsidiaries, designs, sources, and markets branded childrenswear under the Carter's, OshKosh, Skip Hop, Child of Mi","Carterâ€™s, Inc. and its wholly owned subsidiaries (Carterâ€™s) operate as a branded marketer of young childrenâ€™s apparel in North America.

The company o","Carter's, Inc.","Carter's, Inc., together with its subsidiaries, designs, sources, and markets branded childrenswear under the Carter's, OshKosh, Skip Hop, Child of Mi","Carter's, Inc., together with its subsidiaries, designs, sources, and markets branded childrenswear under the Carter's, OshKosh, Skip Hop, Child of Mi"
293,BALLYS CORP,BALY,"Ballyâ€™s Corporation operates as a casino-entertainment company in the United States. It owns and manages 15 casinos across 10 states, a golf course in",Ballyâ€™s Corporation (Ballyâ€™s) operates as a global casino-entertainment company. The company engages in the casinos and resorts and online gaming busi,Bally's Corporation,"Bally's Corporation operates as a casino-entertainment company. It owns and manages casinos across 10 states in the United States, a golf course in Ne","Bally's Corporation operates as a casino-entertainment company. It owns and manages casinos across 10 states in the United States, a golf course in Ne"
311,W P CAREY INC,WPC,"W. P. Carey ranks among the largest net lease REITs with a well-diversified portfolio of high-quality, operationally critical commercial real estate, ",nan,W. P. Carey Inc.,"W. P. Carey ranks among the largest net lease REITs with a well-diversified portfolio of high-quality, operationally critical commercial real estate, ","W. P. Carey ranks among the largest net lease REITs with a well-diversified portfolio of high-quality, operationally critical commercial real estate, "
313,CHILDRENS PLACE INC,PLCE,"The Children's Place, Inc. operates an omni-channel childrenâ€™s specialty portfolio of brands in North America. It operates through two segments, The C","The Childrenâ€™s Place, Inc. operates as a pure-play childrenâ€™s specialty apparel retailer in North America.

The company designs, contracts to manufact","The Children's Place, Inc.","The Children's Place, Inc. operates an omni-channel children's specialty portfolio of brands in North America. It operates through two segments, The C","The Children's Place, Inc. operates an omni-channel childrenâ€™s specialty portfolio of brands in North America. It operates through two segments, The C"
317,O'REILLY AUTOMOTIVE INC,ORLY,"O'Reilly Automotive, Inc., together with its subsidiaries, operates as a retailer and supplier of automotive aftermarket parts, tools, supplies, equip","Oâ€™Reilly Automotive, Inc. operates as a specialty retailer of automotive aftermarket parts, tools, supplies, equipment and accessories in the United S","O'Reilly Automotive, Inc.","O'Reilly Automotive, Inc., together with its subsidiaries, operates as a retailer and supplier of automotive aftermarket parts, tools, supplies, equip","O'Reilly Automotive, Inc., together with its subsidiaries, operates as a retailer and supplier of automotive aftermarket parts, tools, supplies, equip"
324,PATTERSON-UTI ENERGY INC,PTEN,"Patterson-UTI Energy, Inc., through its subsidiaries, engages in the provision of contract drilling services to oil and natural gas operators in the U","Dril-Quip, Inc. (Dril-Quip), is a leading developer of innovative technologies for the energy industry, designing and manufacturing best-in-class prod","Patterson-UTI Energy, Inc.","Patterson-UTI Energy, Inc., through its subsidiaries, engages in the provision of contract drilling services to oil and natural gas operators in the U","Patterson-UTI Energy, Inc., through its subsidiaries, engages in the provision of contract drilling services to oil and natural gas operators in the U"
335,VF CORP,VFC,"V.F. Corporation, together with its subsidiaries, engages in the design, procurement, marketing, and distribution of branded lifestyle apparel, footwe","V. F. Corporation (VF) operates as an apparel, footwear and accessories company worldwide.

VF is diversified across brands, product categories, chann",V.F. Corporation,"V.F. Corporation, together with its subsidiaries, engages in the design, procurement, marketing, and distribution of branded lifestyle apparel, footwe","V.F. Corporation, together with its subsidiaries, engages in the design, procurement, marketing, and distribution of branded lifestyle apparel, footwe"
344,KIMCO REALTY CORP,KIM,"Kimco Realty (NYSE: KIM) is a real estate investment trust (REIT) and leading owner and operator of high-quality, open-air, grocery-anchored shopping ",nan,Kimco Realty Corporation,"Kimco Realty (NYSE: KIM) is a real estate investment trust (REIT) and leading owner and operator of high-quality, open-air, grocery-anchored shopping ","Kimco Realty (NYSE: KIM) is a real estate investment trust (REIT) and leading owner and operator of high-quality, open-air, grocery-anchored shopping "
366,ALLIANT ENERGY CORP,LNT,Alliant Energy is the parent company of two public utility companies - Interstate Power and Light Company and Wisconsin Power and Light Company - and ,"Alliant Energy Corporation (Alliant Energy) operates as a regulated investor-owned public utility holding company.

The companyâ€™s strategy is to serve",Alliant Energy Corporation,Alliant Energy Corporation operates as a utility holding company that provides regulated electricity and natural gas services in the United States. It,Alliant Energy Corporation operates as a utility holding company that provides regulated electricity and natural gas services in the United States. It
444,VERSO CORP,VRS,"As of March 31, 2022 Billerud Americas Corporation was acquired by BillerudKorsnÃ¤s Inc. Billerud Americas Corporation produces and sells coated papers","Billerud Americas Corporation operates as a producer of coated paper, shipped in both roll and sheet formats, which is used primarily in printing appl",Billerud Americas Corporation,nan,nan
451,PARK HOTELS & RESORTS,PK,Park is one of the largest publicly traded lodging REITs with a diverse portfolio of market-leading hotels and resorts with significant underlying rea,"Park Hotels & Resorts Inc. operates a lodging real estate company with a portfolio of hotels and resorts.

The companyâ€™s portfolio includes 67 branded",Park Hotels & Resorts Inc.,Park is one of the largest publicly traded lodging REITs with a diverse portfolio of market-leading hotels and resorts with significant underlying rea,Park is one of the largest publicly traded lodging REITs with a diverse portfolio of market-leading hotels and resorts with significant underlying rea
483,AMERICAN NATIONAL GROUP INC,ANAT,"American National Group, Inc., together with its subsidiaries, provides life insurance, annuities, property and casualty insurance, health insurance, ","American National Group Inc. engages in the development and sale of fixed index and fixed rate annuity products.

The company issues fixed annuity pro","American National Group, Inc.",nan,nan
490,CBL & ASSOCIATES PPTYS INC,CBL,"Headquartered in Chattanooga, TN, CBL Properties owns and manages a national portfolio of market-dominant properties located in dynamic and growing co",nan,"CBL & Associates Properties, Inc.","Headquartered in Chattanooga, TN, CBL Properties owns and manages a national portfolio of market-dominant properties located in dynamic and growing co","Headquartered in Chattanooga, TN, CBL Properties owns and manages a national portfolio of market-dominant properties located in dynamic and growing co"
548,FIRSTCASH HOLDINGS INC,FCFS,"FirstCash Holdings, Inc, together with its subsidiaries, operates retail pawn stores in the United States, Mexico, and rest of Latin America. The comp","FirstCash Holdings, Inc., along with its wholly owned subsidiaries, operates pawn stores in the U.S. and Latin America.

The company is also a provide","FirstCash Holdings, Inc.","FirstCash Holdings, Inc, together with its subsidiaries, operates retail pawn stores in the United States, Mexico, and rest of Latin America. The comp","FirstCash Holdings, Inc, together with its subsidiaries, operates retail pawn stores in the United States, Mexico, and rest of Latin America. The comp"
560,US ECOLOGY INC,ECOL,"US Ecology Holdings, Inc., through its subsidiaries, provides environmental services to commercial and government entities in the United States, Canad","US Ecology, Inc. operates as a provider of environmental services to commercial and governmental entities.

The company addresses the complex waste ma","US Ecology Holdings, Inc.",nan,nan
570,SPRAGUE RESOURCES LP,SRLP,"As of May 28, 2021, Sprague Resources LP operates as a subsidiary of Hartree Partners, LP.","Sprague Resources LP engages in the purchase, storage, distribution, and sale of refined products and natural gas; and provides storage and handling s",Sprague Resources LP,nan,nan
574,TENNECO INC,TEN,"Tenneco Inc. designs, manufactures, and sells automotive products for original equipment and aftermarket customers. The company offers clean air, powe","Tenneco Inc., designs, manufactures, markets, and distributes products and services for light vehicle, commercial truck, off-highway, industrial, moto",Tenneco Inc.,Tsakos Energy Navigation Limited provides seaborne crude oil and petroleum product transportation services worldwide. The company offers marine transp,Tsakos Energy Navigation Limited provides seaborne crude oil and petroleum product transportation services worldwide. The company offers marine transp
588,EXTERRAN CORP,EXTN,"As of October 13, 2022, Exterran Corporation was acquired by Enerflex Ltd. Exterran Corporation, a systems and process company, provides various solut","Exterran Corporation operates as a global systems and process company.

The company offers solutions in the oil, gas, water, and power markets. The co",Exterran Corporation,nan,nan
660,SPX FLOW INC,FLOW,"SPX FLOW, Inc. researches, designs, develops, delivers, and services process technology solutions that perform mixing, blending, fluid handling, separ","SPX FLOW, Inc. operates in nutrition and health, and precision solutions businesses. The product offering of the company's operations is concentrated ","SPX FLOW, Inc.","The fund invests at least 80% of its net assets, plus the amount of any borrowings for investment purposes (if any), in the securities of the underlyi",nan
686,REGENCY CENTERS CORP,REG,"Regency Centers is a preeminent national owner, operator, and developer of shopping centers located in suburban trade areas with compelling demographi",nan,Regency Centers Corporation,"Regency Centers is a preeminent national owner, operator, and developer of shopping centers located in suburban trade areas with compelling demographi","Regency Centers is a preeminent national owner, operator, and developer of shopping centers located in suburban trade areas with compelling demographi"
711,CYRUSONE INC,CONE,"CyrusOne (NASDAQ: CONE) is a premier global REIT specializing in design, construction and operation of more than 50 high-performance data centers worl","CyrusOne Inc., a data center real estate investment trust, owns, operates, and develops enterprise-class, carrier-neutral, multi-tenant data center pr",CyrusOne Inc.,nan,nan
723,OUTFRONT MEDIA INC,OUT,"OUTFRONT leverages the power of technology, location, and creativity to connect brands with consumers outside of their homes through one of the larges","OUTFRONT Media Inc., a real estate investment trust (REIT), provides advertising space (displays) on out-of-home advertising structures and sites in t",OUTFRONT Media Inc.,"OUTFRONT leverages the power of technology, location, and creativity to connect brands with consumers outside of their homes through one of the larges","OUTFRONT leverages the power of technology, location, and creativity to connect brands with consumers outside of their homes through one of the larges"
731,VOLT INFO SCIENCES INC,VOLT,"Volt Information Sciences, Inc. provides traditional time, materials-based, and project-based staffing services in the United States, Europe, Canada, ","Volt Information Sciences, Inc. provides staffing services (traditional time and materials-based, as well as project-based).

The companyâ€™s staffing s","Volt Information Sciences, Inc.",Description Information Not Available,nan
748,FERRELLGAS PARTNERS  -LP,FGPR,"Ferrellgas Partners, L.P. distributes and retails propane and related equipment and supplies. It transports propane to propane distribution locations,","Ferrellgas Partners LP (Ferrellgas Partners), through its subsidiaries, primarily engages in the retail distribution of propane and related equipment ","Ferrellgas Partners, L.P.","Ferrellgas Partners, L.P. distributes and retails propane and related equipment and supplies. It transports propane to propane distribution locations,","Ferrellgas Partners, L.P. distributes and retails propane and related equipment and supplies. It transports propane to propane distribution locations,"
751,MOODY'S CORP,MCO,"Moody's Corporation operates as an integrated risk assessment firm worldwide. It operates in two segments, Moodyâ€™s Analytics and Moodyâ€™s Investors Ser","Moodyâ€™s Corporation (Moodyâ€™s) operates as a global integrated risk assessment company that empowers organizations to anticipate, adapt and thrive in a",Moody's Corporation,"Moody's Corporation operates as an integrated risk assessment firm worldwide. It operates in two segments, Moody's Analytics and Moody's Investors Ser","Moody's Corporation operates as an integrated risk assessment firm worldwide. It operates in two segments, Moodyâ€™s Analytics and Moodyâ€™s Investors Ser"
779,EQUITY LIFESTYLE PPTYS INC,ELS,"We are a self-administered, self-managed real estate investment trust (â€œREITâ€? with headquarters in Chicago. As of January 29, 2024, we own or have an",nan,"Equity LifeStyle Properties, Inc.","We are a self-administered, self-managed real estate investment trust (Â“REITÂ”) with headquarters in Chicago. As of January 29, 2024, we own or have an","We are a self-administered, self-managed real estate investment trust (â€œREITâ€? with headquarters in Chicago. As of January 29, 2024, we own or have an"
871,DONNELLEY (R R) & SONS CO,RRD,"R. R. Donnelley & Sons Company, an integrated communications provider, enables organizations to create, manage, deliver, and optimize their multichann","R.R. Donnelley & Sons Company operates as an integrated communications provider that enables organizations to create, manage, deliver, and optimize mu",R. R. Donnelley & Sons Company,nan,nan
872,FERRO CORP,FOE,"As of April 21, 2022, Ferro Corporation was acquired by Prince International Corporation. Ferro Corporation produces and markets specialty materials i","Ferro Corporation produces specialty materials that are sold to manufacturers who, in turn, make products for various end-use markets.

The companyâ€™s ",Ferro Corporation,nan,nan
907,LUBYS INC,LUB,"As of May 31, 2022, Luby's, Inc. went into out of business. Previously, it provided restaurant services in the United States. As of November 19, 2021,","Luby's, Inc. operated as a multi-branded company in the restaurant industry and in the contract food services industry.

The companyâ€™s major brands in","Luby's, Inc.",nan,nan
929,ROBERT HALF INTL INC,RHI,nan,nan,Robert Half International Inc.,"Robert Half Inc. provides talent solutions and business consulting services in North America, South America, Europe, Asia, and Australia. The company ","Robert Half Inc. provides talent solutions and business consulting services in North America, South America, Europe, Asia, and Australia. The company "
940,REALTY INCOME CORP,O,"Realty Income, The Monthly Dividend Company, is an S&P 500 company and member of the S&P 500 Dividend Aristocrats index. We invest in people and place",nan,Realty Income Corporation,"Realty Income, The Monthly Dividend Company, is an S&P 500 company and member of the S&P 500 Dividend Aristocrats index. We invest in people and place","Realty Income, The Monthly Dividend Company, is an S&P 500 company and member of the S&P 500 Dividend Aristocrats index. We invest in people and place"
942,CHEFS' WAREHOUSE INC,CHEF,"The Chefs' Warehouse, Inc., together with its subsidiaries, distributes specialty food and center-of-the-plate products in the United States, the Midd","The Chefsâ€?Warehouse, Inc. operates as a premier distributor of specialty food and center-of-the-plate products in the United States, the Middle East,","The Chefs' Warehouse, Inc.","The Chefs' Warehouse, Inc., together with its subsidiaries, distributes specialty food and center-of-the-plate products in the United States, the Midd","The Chefs' Warehouse, Inc., together with its subsidiaries, distributes specialty food and center-of-the-plate products in the United States, the Midd"
945,HNI CORP,HNI,"HNI Corporation, together with its subsidiaries, engages in the manufacture, sale, and marketing of workplace furnishings and residential building pro","HNI company provides workplace furnishings and residential building products.

On June 1, 2023, the company acquired Kimball International, Inc. (â€˜Kim",HNI Corporation,"HNI Corporation, together with its subsidiaries, engages in the manufacture, sale, and marketing of workplace furnishings and residential building pro","HNI Corporation, together with its subsidiaries, engages in the manufacture, sale, and marketing of workplace furnishings and residential building pro"
947,BLOOMIN' BRANDS INC,BLMN,"Bloominâ€?Brands, Inc., through its subsidiaries, owns and operates casual, upscale casual, and fine dining restaurants in the United States and intern","Bloomin' Brands, Inc. (Bloomin' Brands) operates as a casual dining restaurant company in the world, with a portfolio of leading, differentiated resta","Bloomin' Brands, Inc.","Bloomin' Brands, Inc., through its subsidiaries, owns and operates casual, upscale casual, and fine dining restaurants in the United States and intern","Bloominâ€?Brands, Inc., through its subsidiaries, owns and operates casual, upscale casual, and fine dining restaurants in the United States and intern"
986,DRIL-QUIP INC,DRQ,"As of September 6, 2024, Dril-Quip, Inc. was acquired by Innovex Downhole Solutions, Inc., in a reverse merger transaction. Dril-Quip, Inc., together ","Dril-Quip, Inc. (Dril-Quip) designs, manufactures, sells and services drilling and production equipment primarily for both offshore and onshore applic","Dril-Quip, Inc.",nan,nan
988,SUN COMMUNITIES INC,SUI,"Established in 1975, Sun Communities, Inc. became a publicly owned corporation in December 1993. The Company is a fully integrated REIT listed on the ",nan,"Sun Communities, Inc.","Established in 1975, Sun Communities, Inc. became a publicly owned corporation in December 1993. The Company is a fully integrated REIT listed on the ","Established in 1975, Sun Communities, Inc. became a publicly owned corporation in December 1993. The Company is a fully integrated REIT listed on the "
1035,TWITTER INC,TWTR,"As of March 31, 2023, Twitter, Inc. was acquired by X Corp. Twitter, Inc. operates as a platform for public self-expression and conversation. It enabl","Twitter, Inc. (Twitter) operates as a platform for public self-expression and conversation in real time worldwide.

The companyâ€™s primary product, Twi","Twitter, Inc.",nan,nan
1043,ABIOMED INC,ABMD,"Abiomed, Inc. engages in the research, development, manufacturing, and sale of medical devices to assist or replace the pumping function of the failin","ABIOMED, Inc. provides medical devices that provide circulatory support and oxygenation. The company develops, manufactures and markets proprietary pr","Abiomed, Inc.",nan,nan
1086,AMERICAN TOWER CORP,AMT,"American Tower, one of the largest global REITs, is a leading independent owner, operator and developer of multitenant communications real estate with",nan,American Tower Corporation,"American Tower, one of the largest global REITs, is a leading independent owner, operator and developer of multitenant communications real estate with","American Tower, one of the largest global REITs, is a leading independent owner, operator and developer of multitenant communications real estate with"
1087,KANSAS CITY SOUTHERN,KSU,"â€‹Kansas City Southern, a transportation holding company, provides domestic and international rail transportation services in North America. The compan","Kansas City Southern (KCS), through its subsidiaries, engages in the domestic and international rail operations in North America. The company is a sub",Kansas City Southern,nan,nan
1114,CASEYS GENERAL STORES INC,CASY,"Casey's General Stores, Inc., together with its subsidiaries, operates convenience stores under the Casey's and Caseyâ€™s General Store names. Its store","Caseyâ€™s General Stores, Inc. and its direct and indirect wholly-owned subsidiaries operate convenience stores primarily under the names â€˜Casey'sâ€?and ","Casey's General Stores, Inc.","Casey's General Stores, Inc., together with its subsidiaries, operates convenience stores under the Casey's and Casey's General Store names. Its store","Casey's General Stores, Inc., together with its subsidiaries, operates convenience stores under the Casey's and Caseyâ€™s General Store names. Its store"
1121,REALPAGE INC,RP,"aRealPage, Inc. develops a software and data analytics platform for the real estate industry in the United States. It offers onsite services that gene","RealPage, Inc. provides software and data analytics to the real estate industry worldwide.

The companyâ€™s platform of data analytics and software solu","RealPage, Inc.",nan,nan
1134,GREAT WESTERN BANCORP INC,GWB,"As of February 1, 2022, Great Western Bancorp, Inc. was acquired by First Interstate BancSystem, Inc. Great Western Bancorp, Inc. operates as the bank","Great Western Bancorp, Inc. operates as the bank holding company for Great Western Bank that focuses on relationship-based business banking.

The comp","Great Western Bancorp, Inc.",nan,nan
1135,ICONIX BRAND GROUP INC,ICON,"Iconix Brand Group, Inc., a brand management company, owns and licenses a portfolio of consumer brands in the United States and internationally. It op","Iconix Brand Group, Inc. operates as a brand management company.

The company owns a diversified portfolio of approximately 30 global consumer brands ","Iconix Brand Group, Inc.","Icon Energy Corp. engages in the ocean transportation of dry bulk cargoes worldwide. The company was incorporated in 2023 and is based in Athens, Gree","Icon Energy Corp. engages in the ocean transportation of dry bulk cargoes worldwide. The company was incorporated in 2023 and is based in Athens, Gree"
1142,BRYN MAWR BANK CORP,BMTC,"As of January 1, 2022, Bryn Mawr Bank Corporation was acquired by WSFS Financial Corporation. Bryn Mawr Bank Corporation operates as a bank holding co","Bryn Mawr Bank Corporation operates as the bank holding company for The Bryn Mawr Trust Company that provides various banking products and services.

",Bryn Mawr Bank Corporation,nan,nan
1150,CUBIC CORP,CUB,"Cubic Corporation designs, integrates, and operates systems, products, and services for command, control, communications, computers, intelligence, sur","Cubic Corporation designs, integrates and operates systems, products and services focused in the transportation, command, control, communication, comp",Cubic Corporation,Description Information Not Available,"Lionheart Holdings focuses on effecting a merger, amalgamation, share exchange, asset acquisition, share purchase, reorganization, or similar business"
1168,TILLY'S INC,TLYS,"Tilly's, Inc. operates as a specialty retailer of casual apparel, footwear, accessories, and hardgoods for young men and women, and boys and girls in ","Tillyâ€™s, Inc. (Tillys) operates as a destination specialty retailer of casual apparel, footwear, accessories, and hardgoods for young men, young women","Tilly's, Inc.","Tilly's, Inc. operates as a specialty retailer of casual apparel, footwear, accessories, and hardgoods for young men and women, and boys and girls in ","Tilly's, Inc. operates as a specialty retailer of casual apparel, footwear, accessories, and hardgoods for young men and women, and boys and girls in "
1182,LULULEMON ATHLETICA INC,LULU,"Lululemon Athletica Inc., together with its subsidiaries, designs, distributes, and retails athletic apparel, footwear, and accessories under the lulu","lululemon athletica inc. is principally a designer, distributor, and retailer of technical athletic apparel, footwear, and accessories.

Products

The",Lululemon Athletica Inc.,"Lululemon Athletica Inc., together with its subsidiaries, designs, distributes, and retails athletic apparel, footwear, and accessories under the lulu","Lululemon Athletica Inc., together with its subsidiaries, designs, distributes, and retails athletic apparel, footwear, and accessories under the lulu"
1278,ROADRUNNER TRANS SYSTEMS INC,RRTS,"Roadrunner Transportation Systems, Inc. provides asset-right transportation and asset-light logistics services. It operates through four segments: Asc","Roadrunner Transportation System, Inc. operates primarily in the transportation and logistics sector, specifically focusing on Less-than-Truckload (LT","Roadrunner Transportation Systems, Inc.","Roadrunner Transportation Systems, Inc. provides asset-right transportation and asset-light logistics services. It operates through four segments: Asc","Roadrunner Transportation Systems, Inc. provides asset-right transportation and asset-light logistics services. It operates through four segments: Asc"
1288,TOTAL SYSTEM SERVICES INC,TSS,"TSYSÂ® is a leading global payments provider, offering seamless, secure and innovative solutions across the payments spectrum â€?for issuers, merchants ","Total System Services, Inc. operates as a payment solutions provider worldwide.

The company provides payment processing services, merchant services a","Total System Services, Inc.",nan,nan
1295,OAKTREE CAPITAL GROUP LLC,OAK,"Oaktree Capital Group, LLC operates as a global investment management firm that focuses on alternative markets. It manage investments in a number of s",nan,"Brookfield Oaktree Holdings, LLC",nan,nan
1301,BEBE STORES INC,BEBE,"bebe stores, inc. does not have significant operations. Previously, it was engaged in the design, development, and production of womenâ€™s apparel and a","Bebe Stores, Inc. designs, develops, and produces a line of contemporary womenâ€™s apparel and accessories.

As of July 1, 2017, the company marketed it","bebe stores, inc.","bebe stores, inc. does not have significant operations. Previously, it was engaged in the design, development, and production of women's apparel and a","bebe stores, inc. does not have significant operations. Previously, it was engaged in the design, development, and production of womenâ€™s apparel and a"
1302,CORPORATE OFFICE PROPERT,OFC,"COPT Defense, an S&P MidCap 400 Company, is a self-managed REIT focused on owning, operating and developing properties in locations proximate to, or s",nan,COPT Defense Properties,nan,nan
1303,BERKSHIRE HATHAWAY,BRK.B,nan,nan,nan,nan,"Berkshire Hathaway Inc., through its subsidiaries, engages in the insurance, freight rail transportation, and utility businesses worldwide. The compan"
1305,TRANSOCEAN LTD,RIG,nan,nan,nan,"Transocean Ltd., together with its subsidiaries, provides offshore contract drilling services for oil and gas wells worldwide. It contracts mobile off","Transocean Ltd., together with its subsidiaries, provides offshore contract drilling services for oil and gas wells worldwide. It contracts mobile off"
1306,CANADIAN PACIFIC RAILWAY LTD,CP,nan,nan,nan,"Canadian Pacific Kansas City Limited, together with its subsidiaries, owns and operates a transcontinental freight railway in Canada, the United State","Canadian Pacific Kansas City Limited, together with its subsidiaries, owns and operates a transcontinental freight railway in Canada, the United State"
1307,BLACKROCK INC,BLK,nan,nan,nan,"BlackRock, Inc. is a publicly owned investment manager. The firm primarily provides its services to institutional, intermediary, and individual invest","BlackRock, Inc. is a publicly owned investment manager. The firm primarily provides its services to institutional, intermediary, and individual invest"
1308,NEW YORK CMNTY BANCORP INC,NYCB,nan,nan,nan,nan,nan
1309,PENTAIR PLC,PNR,nan,nan,nan,"Pentair plc provides various water solutions in the United States, Western Europe, China, Eastern Europe, Latin America, the Middle East, Southeast As","Pentair plc provides various water solutions in the United States, Western Europe, China, Eastern Europe, Latin America, the Middle East, Southeast As"
1312,LINDE PLC,LIN,nan,nan,nan,"Linde plc operates as an industrial gas company in the Americas, Europe, the Middle East, Africa, Asia, and South Pacific. It offers atmospheric gases","Linde plc operates as an industrial gas company in the Americas, Europe, the Middle East, Africa, Asia, and South Pacific. It offers atmospheric gases"
1313,UMPQUA HOLDINGS CORP,UMPQ,nan,nan,nan,nan,"Columbia Banking System, Inc. operates as the holding company of Umpqua Bank that provides banking, private banking, mortgage, and other financial ser"
1314,EVEREST RE GROUP LTD,RE,nan,nan,nan,nan,nan
1322,SUMMIT MIDSTREAM PARTNERS LP,SMLP,nan,nan,nan,nan,nan
1323,FLEETCOR TECHNOLOGIES INC,FLT,nan,nan,nan,nan,nan
1324,EMCORE CORP,EMKR,nan,nan,nan,"Emcore Corporation, together with its subsidiaries, designs and manufactures fiber optic gyro, ring laser gyro, and micro electromechanical system-bas","Emcore Corporation, together with its subsidiaries, designs and manufactures fiber optic gyro, ring laser gyro, and micro electromechanical system-bas"
1325,EATON CORP PLC,ETN,nan,nan,nan,Eaton Corporation plc operates as a power management company worldwide. The company's Electrical Americas and Electrical Global segment provides elect,Eaton Corporation plc operates as a power management company worldwide. The companyâ€™s Electrical Americas and Electrical Global segment provides elect
1326,COMSCORE INC,SCOR,nan,nan,nan,"comScore, Inc. operates as an information and analytics company that measures audiences, consumer behavior, and advertising across media platforms in ","comScore, Inc. operates as an information and analytics company that measures audiences, consumer behavior, and advertising across media platforms in "
1327,ENDO INTERNATIONAL PLC,ENDPQ,nan,nan,nan,nan,"Endo Inc., a specialty pharmaceutical company, develops, manufactures, markets, and sells various pharmaceutical products in the United States and int"
1330,JAZZ PHARMACEUTICALS PLC,JAZZ,nan,nan,nan,"Jazz Pharmaceuticals plc identifies, develops, and commercializes pharmaceutical products for unmet medical needs in the United States, Europe, and in","Jazz Pharmaceuticals plc identifies, develops, and commercializes pharmaceutical products for unmet medical needs in the United States, Europe, and in"
1331,INVESCO LTD,IVZ,nan,nan,nan,"Invesco Ltd. is a publicly owned investment manager. The firm provides its services to retail clients, institutional clients, high-net worth clients, ","Invesco Ltd. is a publicly owned investment manager. The firm provides its services to retail clients, institutional clients, high-net worth clients, "
1332,STEEL CONNECT INC,STCN,nan,nan,nan,"Steel Connect, Inc., together with its subsidiaries, provides supply chain services in the United States, Mainland China, the Netherlands, Singapore, ","Steel Connect, Inc., together with its subsidiaries, provides supply chain services in the United States, Mainland China, the Netherlands, Singapore, "
1333,LABORATORY CP OF AMER HLDGS,LH,nan,nan,nan,"Labcorp Holdings Inc. provides laboratory services. It operates through two segments, Diagnostics Laboratories and Biopharma Laboratory Services. The ","Labcorp Holdings Inc. provides laboratory services. It operates through two segments, Diagnostics Laboratories and Biopharma Laboratory Services. The "
1334,FUELCELL ENERGY INC,FCEL,nan,nan,nan,"FuelCell Energy, Inc., together with its subsidiaries, manufactures and sells stationary fuel cell and electrolysis platforms that decarbonize power a","FuelCell Energy, Inc., together with its subsidiaries, manufactures and sells stationary fuel cell and electrolysis platforms that decarbonize power a"
1336,LAM RESEARCH CORP,LRCX,nan,nan,nan,"Lam Research Corporation designs, manufactures, markets, refurbishes, and services semiconductor processing equipment used in the fabrication of integ","Lam Research Corporation designs, manufactures, markets, refurbishes, and services semiconductor processing equipment used in the fabrication of integ"
1337,ZILLOW GROUP INC,Z,nan,nan,nan,"Zillow Group, Inc. operates real estate brands in mobile applications and Websites in the United States. The company offers premier agent and rentals ","Zillow Group, Inc. operates real estate brands in mobile applications and Websites in the United States. The company offers premier agent and rentals "
1338,AMYRIS INC,AMRS,"Amyris, Inc. manufactures and sells hydrocarbon molecule and bio-based product. The companyâ€™s products include fermented fragrance material, plant-bas","Amyris, Inc. (Amyris) operates as a biotechnology company.

The company creates, manufactures, and commercializes consumer products and ingredients th","Amyris, Inc.",Description Information Not Available,"Amyris, Inc. manufactures and sells hydrocarbon molecule and bio-based product. The companyâ€™s products include fermented fragrance material, plant-bas"
1339,CALAMP CORP,CAMP,nan,nan,nan,"Camp4 Therapeutics Corporation, a clinical-stage biopharmaceutical company, discovers and develops regulatory RNA-based therapeutics to treat a range ","Camp4 Therapeutics Corporation, a clinical-stage biopharmaceutical company, discovers and develops regulatory RNA-based therapeutics to treat a range "
1340,BUNGE LTD,BG,nan,nan,nan,"Bunge Global SA operates as an agribusiness and food company worldwide. It operates through four segments: Agribusiness, Refined and Specialty Oils, M","Bunge Global SA operates as an agribusiness and food company worldwide. It operates through four segments: Agribusiness, Refined and Specialty Oils, M"
1341,LADRX CORP,LADX,nan,nan,nan,"LadRx Corporation, a biopharmaceutical company, engages in research and development of chemotherapeutic drugs for solid tumors in the United States. T","LadRx Corporation, a biopharmaceutical company, engages in research and development of chemotherapeutic drugs for solid tumors in the United States. T"
1344,NABORS INDUSTRIES LTD,NBR,nan,nan,nan,Nabors Industries Ltd. provides drilling and drilling-related services for land-based and offshore oil and natural gas wells in the United States and ,Nabors Industries Ltd. provides drilling and drilling-related services for land-based and offshore oil and natural gas wells in the United States and 
1346,EXPRESS INC,EXPR,nan,nan,nan,nan,"Express, Inc. operates as a fashion retail company that offers apparel and accessories in the United States and Puerto Rico. The company sells its pro"
1347,RITCHIE BROS AUCTIONEERS INC,RBA,nan,nan,nan,"RB Global, Inc., an omnichannel marketplace, provides insights, services, and transaction solutions for buyers and sellers of commercial assets and ve","RB Global, Inc., an omnichannel marketplace, provides insights, services, and transaction solutions for buyers and sellers of commercial assets and ve"
1348,NAUTILUS INC,NLS,"On August 23, 2024, BowFlex New Jersey LLC went out of business as per its Chapter 11 liquidation filing under bankruptcy. BowFlex Inc., manufactures ","BowFlex Inc. and subsidiaries provides home fitness solutions worldwide.

The company's brand portfolio includes Bowflex, Schwinn, JRNY, and Nautilus,",BowFlex Inc.,nan,nan
1349,DIEBOLD NIXDORF INC,DBD,nan,nan,nan,"Diebold Nixdorf, Incorporated engages in the automating, digitizing, and transforming the way people bank and shop worldwide. It operates through two ","Diebold Nixdorf, Incorporated engages in the automating, digitizing, and transforming the way people bank and shop worldwide. It operates through two "
1350,PACWEST BANCORP,PACW,nan,nan,nan,nan,nan
1351,CNO FINANCIAL GROUP INC,CNO,nan,nan,nan,"CNO Financial Group, Inc., through its subsidiaries, develops, markets, and administers health insurance, annuity, individual life insurance, insuranc","CNO Financial Group, Inc., through its subsidiaries, develops, markets, and administers health insurance, annuity, individual life insurance, insuranc"
1355,FLOTEK INDUSTRIES INC,FTK,"Flotek Industries, Inc. was acquired by Chemical & Equipment Specialties Inc. in a reverse merger on 10/31/2001. Flotek Industries, Inc., prior to the",Flotek Industries Inc (the Company or Flotek) was incorporated under the laws of the Province of British Columbia in 1985. The Company's product lines,"Flotek Industries, Inc.","Flotek Industries, Inc. operates as a technology-driven green chemistry and data company that serves customers across industrial and commercial market","Flotek Industries, Inc. operates as a technology-driven green chemistry and data company that serves customers across industrial and commercial market"
1357,GLATFELTER CORP,GLT,nan,nan,nan,nan,nan
1360,CEDAR FAIR  -LP,FUN,nan,nan,nan,"Six Flags Entertainment Corporation operates amusement-resort in North America. Its amusement-resort consists of amusement parks, water parks, and res","Six Flags Entertainment Corporation operates amusement-resort in North America. Its amusement-resort consists of amusement parks, water parks, and res"
1361,AUDACY INC,AUD,nan,nan,nan,nan,nan
1363,RAMACO RESOURCES INC,METC,nan,nan,nan,"Ramaco Resources, Inc. engages in the development, operation, and sale of metallurgical coal. Its development portfolio includes the Elk Creek project","Ramaco Resources, Inc. engages in the development, operation, and sale of metallurgical coal. Its development portfolio includes the Elk Creek project"
1365,SINCLAIR BROADCAST GP  -CL A,SBGI,nan,nan,nan,"Sinclair, Inc., a media company, provides content on local television stations and digital platforms in the United States. It operates through two seg","Sinclair, Inc., a media company, provides content on local television stations and digital platforms in the United States. It operates through two seg"
1366,INNOVATE CORP,VATE,nan,nan,nan,"INNOVATE Corp., through its subsidiaries, operates in infrastructure, life sciences, and spectrum areas in the United States. The Infrastructure segme","INNOVATE Corp., through its subsidiaries, operates in infrastructure, life sciences, and spectrum areas in the United States. The Infrastructure segme"
1367,HELEN OF TROY LTD,HELE,nan,nan,nan,"Helen of Troy Limited provides various consumer products in the United States, Canada, Europe, the Middle East, Africa, the Asia Pacific, and Latin Am","Helen of Troy Limited provides various consumer products in the United States, Canada, Europe, the Middle East, Africa, the Asia Pacific, and Latin Am"
1371,CRAWFORD & CO,CRD.A,nan,nan,nan,nan,"Crawford & Company provides claims management and outsourcing solutions for carriers, brokers, and corporations in the United States, the United Kingd"
1372,CHAMPIONX CORP,CHX,nan,nan,nan,"ChampionX Corporation provides chemistry solutions, artificial lift systems, and engineered equipment and technologies to oil and gas companies worldw","ChampionX Corporation provides chemistry solutions, artificial lift systems, and engineered equipment and technologies to oil and gas companies worldw"
1376,REGIS CORP/MN,RGS,nan,nan,nan,"Regis Corporation owns and franchises hair care salons primarily in North America. The company operates in two segments, Franchise Salons and Company-","Regis Corporation owns and franchises hair care salons primarily in North America. The company operates in two segments, Franchise Salons and Company-"
1381,BED BATH & BEYOND INC,BBBY,"On September 29, 2023, Bed Bath & Beyond, Inc. went out of business as per its Chapter 11 liquidation filing under bankruptcy. 20230930-DK-Butterfly-1","20230930-DK-Butterfly-1, Inc. does not have significant operations. Previously, the company was engaged in the omni-channel retailing activities that ","20230930-DK-Butterfly-1, Inc.",nan,"On September 29, 2023, Bed Bath & Beyond, Inc. went out of business as per its Chapter 11 liquidation filing under bankruptcy. 20230930-DK-Butterfly-1"
1382,BEL FUSE INC,BELFB,nan,nan,nan,"Bel Fuse Inc. designs, manufactures, markets, and sells products that power, protect, and connect electronic circuits. The company's products are used","Bel Fuse Inc. designs, manufactures, markets, and sells products that power, protect, and connect electronic circuits. The companyâ€™s products are used"
1383,BIGLARI HOLDINGS INC,BH,nan,nan,nan,"Biglari Holdings Inc., through its subsidiaries, primarily operates and franchises restaurants in the United States. It owns, operates, and franchises","Biglari Holdings Inc., through its subsidiaries, primarily operates and franchises restaurants in the United States. It owns, operates, and franchises"
1386,CIT GROUP INC,CIT.2,"As of January 3, 2022, CIT Group Inc. was acquired by First-Citizens Bank & Trust Company. CIT Group Inc. operates as the holding company for CIT Bank","CIT Group Inc., together with its subsidiaries (CIT), provides financing, leasing and advisory services principally to middle-market companies in a wi",CIT Group Inc.,nan,nan
1388,CENTRAL GARDEN & PET CO,CENTA,nan,nan,nan,"Central Garden & Pet Company produces and distributes various products for the lawn and garden, and pet supplies markets in the United States. It oper","Central Garden & Pet Company produces and distributes various products for the lawn and garden, and pet supplies markets in the United States. It oper"
1389,SUPER MICRO COMPUTER INC,SMCI,nan,nan,nan,"Super Micro Computer, Inc., together with its subsidiaries, develops and manufactures high performance server and storage solutions based on modular a","Super Micro Computer, Inc., together with its subsidiaries, develops and manufactures high performance server and storage solutions based on modular a"
1391,BGC PARTNERS INC,BGCP,nan,nan,nan,nan,nan
1393,TE CONNECTIVITY LTD,TEL,nan,nan,nan,"TE Connectivity plc, together with its subsidiaries, manufactures and sells connectivity and sensor solutions in Europe, the Middle East, Africa, the ","TE Connectivity plc, together with its subsidiaries, manufactures and sells connectivity and sensor solutions in Europe, the Middle East, Africa, the "
1395,LSC COMMUNICATIONS INC,LKSDQ,"On March 10, 2021, LSC Communications, Inc. went out of business as per its Chapter 11 liquidation filing under bankruptcy. LSC Communications, Inc., ","LSC Communications, Inc., through its subsidiaries, provides traditional and digital print, print-related services and office products.

The company s","LSC Communications, Inc.",nan,nan
1396,WINDSTREAM HOLDINGS INC,WINMQ,"Windstream Holdings II, LLC, together with its subsidiaries, operates as a communications and software company in the United States, Europe, and the A","Windstream Holdings, Inc. provides advanced network communications and technology solutions for businesses across the U.S.

The company also offers br","Windstream Holdings II, LLC",nan,nan
1399,COVIA HOLDINGS CORP,CVIAQ,"Covia Holdings LLC provides diversified mineral-based and material solutions for the industrial and energy markets in the United States, Argentina, Me",Covia Holdings Corporation provides diversified mineral-based and material solutions for the industrial and energy markets in North America and intern,Covia Holdings LLC,nan,nan
1400,SUPERIOR ENERGY SERVICES INC,SPNX,nan,nan,nan,nan,nan
1402,SKYLINE CHAMPION CORP,SKY,"As of June 1, 2018, Skyline Corporation was acquired by Skyline Champion Corporation, in a reverse merger transaction.","Skyline Corporation, together with its subsidiaries, designs, produces, and markets manufactured housing, modular housing and park models to independe",Skyline Corporation,"Champion Homes, Inc. engages in the production and sale of factory-built housing in North America. The company offers manufactured and modular homes, ","Champion Homes, Inc. engages in the production and sale of factory-built housing in North America. The company offers manufactured and modular homes, "
1409,CORESITE REALTY CORP,COR,"CoreSite Realty Corporation (NYSE:COR) delivers secure, reliable, high-uptime data center campuses with high-performance cloud access and interconnect",nan,CoreSite Realty Corporation,"Cencora, Inc. sources and distributes pharmaceutical products in the United States and internationally. The company's U.S. Healthcare Solutions segmen","Cencora, Inc. sources and distributes pharmaceutical products in the United States and internationally. The companyâ€™s U.S. Healthcare Solutions segmen"
1410,TRI POINTE HOMES INC,TPH,"As of July 7, 2014, TRI Pointe Homes, Inc. was acquired by Weyerhaeuser Real Estate Company in a reverse merger transaction. TRI Pointe Homes, Inc. de","TRI Pointe Homes, Inc. is engaged in the design, construction, and sale of single-family homes in major metropolitan areas located throughout Californ","TRI Pointe Homes, Inc.","Tri Pointe Homes, Inc. engages in the design, construction, and sale of single-family attached and detached homes in the United States. The company op","Tri Pointe Homes, Inc. engages in the design, construction, and sale of single-family attached and detached homes in the United States. The company op"
